openalex_id;titulo;rotulo
https://openalex.org/W2968923792;Recent advances and applications of machine learning in solid-state materials science;l
https://openalex.org/W2996137214;Cloud detection methodologies: variants and development—a review;l
https://openalex.org/W2975851586;Synthesis and characterization of Mono-disperse Carbon Quantum Dots from Fennel Seeds: Photoluminescence analysis using Machine Learning;l
https://openalex.org/W4293194732;Prediction of uranium adsorption capacity on biochar by machine learning methods;l
https://openalex.org/W4307698270;Adsorption of uranium (VI) by metal-organic frameworks and covalent-organic frameworks from water;l
https://openalex.org/W4308897973;Unified representation of molecules and crystals for machine learning;l
https://openalex.org/W4328050984;Recent advances in computational modeling of MOFs: From molecular simulations to machine learning;l
https://openalex.org/W2912959159;Past, present, and future perspectives of environmental DNA (eDNA) metabarcoding: A systematic review in methods, monitoring, and applications of global eDNA;l
https://openalex.org/W3122216490;Machine learning applications in microbial ecology, human microbiome studies, and environmental monitoring;l
https://openalex.org/W4287093414;Review of Artificial Intelligence and Machine Learning Technologies: Classification, Restrictions, Opportunities and Challenges;l
https://openalex.org/W4394980199;Innovations and challenges in adsorption-based wastewater remediation: A comprehensive review;l
https://openalex.org/W4206839204;Machine learning in nuclear materials research;l
https://openalex.org/W3204654155;A systematic review of data science and machine learning applications to the oil and gas industry;t
https://openalex.org/W4200446095;Understanding X-ray absorption spectra by means of descriptors and machine learning algorithms;l
https://openalex.org/W4220740799;A review of machine learning in geochemistry and cosmochemistry: Method improvements and applications;t
https://openalex.org/W2744546448;Energy-free machine learning force field for aluminum;l
https://openalex.org/W4409147844;Machine learning in point-of-care testing: innovations, challenges, and opportunities;l
https://openalex.org/W3028066085;Global threat of arsenic in groundwater;t
https://openalex.org/W2986450093;Phase diagram of uranium fromab initiocalculations and machine learning;l
https://openalex.org/W2896031916;A comparison of machine learning methods for automated gamma-ray spectroscopy;t
https://openalex.org/W4313313326;A Comparative Analysis of Machine Learning Algorithms for Classification Purpose;l
https://openalex.org/W3114527129;Methodology and applications of elemental mapping by laser induced breakdown spectroscopy;l
https://openalex.org/W4317425328;Efficient Data-Driven Machine Learning Models for Water Quality Prediction;l
https://openalex.org/W4381249951;A comparison of machine learning methods to classify radioactive elements using prompt-gamma-ray neutron activation data;l
https://openalex.org/W3181729304;Hyperspectral remote sensing in lithological mapping, mineral exploration, and environmental geology: an updated review;t
https://openalex.org/W2940433316;Boosting for Mineral Prospectivity Modeling: A New GIS Toolbox;r
https://openalex.org/W4388009187;3D Mineral Prospectivity Mapping from 3D Geological Models Using Return–Risk Analysis and Machine Learning on Imbalance Data;r
https://openalex.org/W4392351052;Workflow-Induced Uncertainty in Data-Driven Mineral Prospectivity Mapping;r
https://openalex.org/W2023644711;Introduction to the Special Issue: Mineral prospectivity analysis and quantitative resource estimation;t
https://openalex.org/W4379053905;Evaluating the Performance of Machine Learning and Deep Learning Techniques to HyMap Imagery for Lithological Mapping in a Semi-Arid Region: Case Study from Western Anti-Atlas, Morocco;t
https://openalex.org/W2991264163;Automated lithological mapping by integrating spectral enhancement techniques and machine learning algorithms using AVIRIS-NG hyperspectral data in Gold-bearing granite-greenstone rocks in Hutti, India;t
https://openalex.org/W4281779060;Identification of Radioactive Mineralized Lithology and Mineral Prospectivity Mapping Based on Remote Sensing in High-Latitude Regions: A Case Study on the Narsaq Region of Greenland;r
https://openalex.org/W4394813342;Fractal-Based Multi-Criteria Feature Selection to Enhance Predictive Capability of AI-Driven Mineral Prospectivity Mapping;r
https://openalex.org/W3095569239;Application of Knowledge-Driven Methods for Mineral Prospectivity Mapping of Polymetallic Sulfide Deposits in the Southwest Indian Ridge between 46° and 52°E;t
https://openalex.org/W2116456922;Comparing the Performance of Different Neural Networks Architectures for the Prediction of Mineral Prospectivity;r
https://openalex.org/W4414655962;The Evolution of Machine Learning in Large-Scale Mineral Prospectivity Prediction: A Decade of Innovation (2016–2025);r
https://openalex.org/W7128960394;Ensemble machine learning strategies for mineral prospectivity mapping under data scarcity;r
https://openalex.org/W4391167574;Machine Learning-Based Uranium Prospectivity Mapping and Model Explainability Research;r
https://openalex.org/W3036260856;A machine learning approach to tungsten prospectivity modelling using knowledge-driven feature extraction and model confidence;r
https://openalex.org/W3128031946;Editorial for the Special Issue: Multispectral and Hyperspectral Remote Sensing Data for Mineral Exploration and Environmental Monitoring of Mined Areas;t
https://openalex.org/W3184080195;A Systematic Review on the Application of Machine Learning in Exploiting Mineralogical Data in Mining and Mineral Industry;t
https://openalex.org/W4412005779;Transformer–GCN Fusion Framework for Mineral Prospectivity Mapping: A Geospatial Deep Learning Approach;r
https://openalex.org/W4400783579;A Review of Integration Techniques of Multi-Geoscience Data-Sets in Mineral Prospectivity Mapping;r
https://openalex.org/W2889454130;Integration of Terrestrial and Drone-Borne Hyperspectral and Photogrammetric Sensing Methods for Exploration Mapping and Mining Monitoring;t
https://openalex.org/W4386331170;Cobalt Prospectivity Using a Conceptual Fuzzy Logic Overlay Method Enhanced with the Mineral Systems Approach;t
https://openalex.org/W4409107127;Machine Learning Classification of Fertile and Barren Adakites for Refining Mineral Prospectivity Mapping: Geochemical Insights from the Northern Appalachians, New Brunswick, Canada;r
https://openalex.org/W2937441154;Geophysical inversion contributions to mineral exploration: lessons from the Footprints project;t
https://openalex.org/W3045124597;Applications of Unmanned Aerial Vehicles in Mining from Exploration to Reclamation: A Review;t
https://openalex.org/W3081979158;Oceanic sediment accumulation rates predicted via machine learning algorithm: towards sediment characterization on a global scale;t
https://openalex.org/W4386742476;Three-Dimensional Mineral Prospectivity Modeling with the Integration of Ore-Forming Computational Simulation in the Xiadian Gold Deposit, Eastern China;r
https://openalex.org/W2888557943;Objective Regolith-Landform Mapping in a Regolith Dominated Terrain to Inform Mineral Exploration;t
https://openalex.org/W4283274517;Natural Radioctivity Of Rock And Potential Availability Of Uranium-Thorium Minerals In Indonesia;t
https://openalex.org/W4412199650;A Cross-Disciplinary Review of Rare Earth Elements: Deposit Types, Mineralogy, Machine Learning, Environmental Impact, and Recycling;t
https://openalex.org/W4405534712;Case Studies of Magnetic and Electromagnetic Techniques Covering the Last Fifteen Years;t
https://openalex.org/W4292794446;Optimization of Geological and Mineral Exploration by Integrating Remote Sensing Technology and Borehole Database;t
https://openalex.org/W2515488338;Geochemical background of potentially toxic trace elements in reclaimed soils of the abandoned pyrite–uranium mine (south-central Poland);l
https://openalex.org/W2982220738;Predicting ore content throughout a machine learning procedure – An Sn-W enrichment case study;r
https://openalex.org/W4386518252;Applying machine learning to model radon using topsoil geochemistry;t
https://openalex.org/W4292107133;Airborne Radiometric Surveys and Machine Learning Algorithms for Revealing Soil Texture;t
https://openalex.org/W4293874511;Airborne Radiometric Surveys and Machine Learning Algorithms for Revealing Soil Texture;t
https://openalex.org/W4392644508;Geochemistry of Terrestrial Plants in the Central African Copperbelt: Implications for Sediment Hosted Copper-Cobalt Exploration;t
https://openalex.org/W4381948798;The INOVMineral Project’s Contribution to Mineral Exploration – A WebGIS Integration and Visualization of Spectral and Geophysical Properties of the Aldeia LCT Pegmatite Spodumene Deposit;t
https://openalex.org/W4385589016;Handling imbalanced data in supervised machine learning for lithological mapping using remote sensing and airborne geophysical data;t
https://openalex.org/W4282942257;Metallogenic models as the key to successful exploration — a review and trends;t
https://openalex.org/W4393899594;Leveraging Domain Expertise in Machine Learning for Critical Metal Prospecting in the Oslo Rift: A Case Study for Fe-Ti-P-Rare Earth Element Mineralization;r
https://openalex.org/W4384823395;The INOVMineral Project’s Contribution to Mineral Exploration—A WebGIS Integration and Visualization of Spectral and Geophysical Properties of the Aldeia LCT Pegmatite Spodumene Deposit;t
